{
  "schema_version": 1,
  "kind": "core_loop_absolute",
  "timestamp_utc": "20260711T200938Z",
  "commit": "6801f1b94445586bbf27d28c9d159279e4322608",
  "branch": "codex/correctness-architecture-performance-program",
  "heddle_bin": "/tmp/heddle-fan-perf-target/release/heddle",
  "fixture": "/var/folders/pl/d2jk07gx0_z4w33h_k5ylhl80000gn/T/heddle-core-loop-WkeZyq",
  "fixture_recipe": {
    "files": 300,
    "dir_modulus": 20,
    "threads": 24,
    "dirty_file": "tracked-00/file-000.txt",
    "seed_message": "seed",
    "matches": "crates/cli/tests/cli_integration/perf_core_loop.rs::setup_core_loop_fixture"
  },
  "trials": 3,
  "warmup": 1,
  "require_success": true,
  "operations": [
    {
      "id": "bare_help",
      "argv": [
        "/tmp/heddle-fan-perf-target/release/heddle"
      ],
      "stats": {
        "n": 3,
        "mean_s": 0.010654555633664131,
        "median_s": 0.010839167051017284,
        "stdev_s": 0.0004759086836639383,
        "min_s": 0.010113999946042895,
        "max_s": 0.011010499903932214,
        "p95_s": 0.010993366618640721,
        "p99_s": 0.011007073246873915,
        "mean_ms": 10.654555633664131,
        "median_ms": 10.839167051017284,
        "stdev_ms": 0.47590868366393835,
        "min_ms": 10.113999946042895,
        "max_ms": 11.010499903932214,
        "p95_ms": 10.99336661864072,
        "p99_ms": 11.007073246873915,
        "raw_s": [
          0.010839167051017284,
          0.011010499903932214,
          0.010113999946042895
        ],
        "raw_ms": [
          10.839167051017284,
          11.010499903932214,
          10.113999946042895
        ]
      },
      "raw_trials": [
        {
          "trial": 0,
          "seconds": 0.010839167051017284,
          "ms": 10.839167051017284,
          "exit_code": 0
        },
        {
          "trial": 1,
          "seconds": 0.011010499903932214,
          "ms": 11.010499903932214,
          "exit_code": 0
        },
        {
          "trial": 2,
          "seconds": 0.010113999946042895,
          "ms": 10.113999946042895,
          "exit_code": 0
        }
      ]
    },
    {
      "id": "help",
      "argv": [
        "/tmp/heddle-fan-perf-target/release/heddle",
        "help"
      ],
      "stats": {
        "n": 3,
        "mean_s": 0.010740916632736722,
        "median_s": 0.01047991681843996,
        "stdev_s": 0.0006804710147144305,
        "min_s": 0.010229583131149411,
        "max_s": 0.011513249948620796,
        "p95_s": 0.011409916635602712,
        "p99_s": 0.01149258328601718,
        "mean_ms": 10.740916632736722,
        "median_ms": 10.47991681843996,
        "stdev_ms": 0.6804710147144305,
        "min_ms": 10.229583131149411,
        "max_ms": 11.513249948620796,
        "p95_ms": 11.409916635602713,
        "p99_ms": 11.49258328601718,
        "raw_s": [
          0.01047991681843996,
          0.010229583131149411,
          0.011513249948620796
        ],
        "raw_ms": [
          10.47991681843996,
          10.229583131149411,
          11.513249948620796
        ]
      },
      "raw_trials": [
        {
          "trial": 0,
          "seconds": 0.01047991681843996,
          "ms": 10.47991681843996,
          "exit_code": 0
        },
        {
          "trial": 1,
          "seconds": 0.010229583131149411,
          "ms": 10.229583131149411,
          "exit_code": 0
        },
        {
          "trial": 2,
          "seconds": 0.011513249948620796,
          "ms": 11.513249948620796,
          "exit_code": 0
        }
      ]
    },
    {
      "id": "status_text",
      "argv": [
        "/tmp/heddle-fan-perf-target/release/heddle",
        "status"
      ],
      "stats": {
        "n": 3,
        "mean_s": 0.03168866690248251,
        "median_s": 0.03171904198825359,
        "stdev_s": 0.002773479281511202,
        "min_s": 0.02890012483112514,
        "max_s": 0.034446833888068795,
        "p95_s": 0.03417405469808728,
        "p99_s": 0.03439227805007249,
        "mean_ms": 31.68866690248251,
        "median_ms": 31.719041988253593,
        "stdev_ms": 2.773479281511202,
        "min_ms": 28.90012483112514,
        "max_ms": 34.446833888068795,
        "p95_ms": 34.174054698087275,
        "p99_ms": 34.39227805007249,
        "raw_s": [
          0.02890012483112514,
          0.03171904198825359,
          0.034446833888068795
        ],
        "raw_ms": [
          28.90012483112514,
          31.719041988253593,
          34.446833888068795
        ]
      },
      "raw_trials": [
        {
          "trial": 0,
          "seconds": 0.02890012483112514,
          "ms": 28.90012483112514,
          "exit_code": 0
        },
        {
          "trial": 1,
          "seconds": 0.03171904198825359,
          "ms": 31.719041988253593,
          "exit_code": 0
        },
        {
          "trial": 2,
          "seconds": 0.034446833888068795,
          "ms": 34.446833888068795,
          "exit_code": 0
        }
      ]
    },
    {
      "id": "status_short",
      "argv": [
        "/tmp/heddle-fan-perf-target/release/heddle",
        "status",
        "--short"
      ],
      "stats": {
        "n": 3,
        "mean_s": 0.029659472405910492,
        "median_s": 0.029349958058446646,
        "stdev_s": 0.0015488503361059365,
        "min_s": 0.02828874997794628,
        "max_s": 0.03133970918133855,
        "p95_s": 0.03114073406904936,
        "p99_s": 0.03129991415888071,
        "mean_ms": 29.659472405910492,
        "median_ms": 29.349958058446646,
        "stdev_ms": 1.5488503361059365,
        "min_ms": 28.28874997794628,
        "max_ms": 31.33970918133855,
        "p95_ms": 31.14073406904936,
        "p99_ms": 31.29991415888071,
        "raw_s": [
          0.03133970918133855,
          0.029349958058446646,
          0.02828874997794628
        ],
        "raw_ms": [
          31.33970918133855,
          29.349958058446646,
          28.28874997794628
        ]
      },
      "raw_trials": [
        {
          "trial": 0,
          "seconds": 0.03133970918133855,
          "ms": 31.33970918133855,
          "exit_code": 0
        },
        {
          "trial": 1,
          "seconds": 0.029349958058446646,
          "ms": 29.349958058446646,
          "exit_code": 0
        },
        {
          "trial": 2,
          "seconds": 0.02828874997794628,
          "ms": 28.28874997794628,
          "exit_code": 0
        }
      ]
    },
    {
      "id": "status_json",
      "argv": [
        "/tmp/heddle-fan-perf-target/release/heddle",
        "--output",
        "json",
        "status"
      ],
      "stats": {
        "n": 3,
        "mean_s": 0.0707729586865753,
        "median_s": 0.06914583407342434,
        "stdev_s": 0.004760799928277023,
        "min_s": 0.067039042012766,
        "max_s": 0.07613399997353554,
        "p95_s": 0.07543518338352442,
        "p99_s": 0.07599423665553331,
        "mean_ms": 70.7729586865753,
        "median_ms": 69.14583407342434,
        "stdev_ms": 4.760799928277024,
        "min_ms": 67.039042012766,
        "max_ms": 76.13399997353554,
        "p95_ms": 75.43518338352442,
        "p99_ms": 75.99423665553331,
        "raw_s": [
          0.067039042012766,
          0.07613399997353554,
          0.06914583407342434
        ],
        "raw_ms": [
          67.039042012766,
          76.13399997353554,
          69.14583407342434
        ]
      },
      "raw_trials": [
        {
          "trial": 0,
          "seconds": 0.067039042012766,
          "ms": 67.039042012766,
          "exit_code": 0
        },
        {
          "trial": 1,
          "seconds": 0.07613399997353554,
          "ms": 76.13399997353554,
          "exit_code": 0
        },
        {
          "trial": 2,
          "seconds": 0.06914583407342434,
          "ms": 69.14583407342434,
          "exit_code": 0
        }
      ]
    },
    {
      "id": "log_json",